{
	"partitions" : [
		{
			"name" : "Top",
			"pins" : [
				{
					"name" : "led1",
					"strict" : false
				},
				{
					"name" : "led2",
					"strict" : false
				},
				{
					"name" : "led3",
					"strict" : false
				},
				{
					"name" : "led4",
					"strict" : false
				},
				{
					"name" : "lred",
					"strict" : false
				},
				{
					"name" : "lgren",
					"strict" : false
				},
				{
					"name" : "lblue",
					"strict" : false
				},
				{
					"name" : "clk",
					"strict" : false
				}
			]
		}
	]
}